category,invoices,exceptions,exception_rate,invoice_value,exception_value
Unknown / invalid vendor,150,150,1.0,95861115.79000002,95861115.79000002
Manufacturing,1094,329,0.3007312614259598,313484786.6200009,135641800.72999996
Facilities,1193,329,0.2757753562447611,666301542.71,253631199.39000005
IT Services,1513,411,0.271645736946464,2884406810.730001,1256868952.6399996
Professional Services,1470,397,0.27006802721088435,4430101598.199997,1597724996.5199995
Office Supplies,1363,368,0.26999266324284665,179997785.0200002,67814713.82999997
Logistics,1121,297,0.2649420160570919,913453119.3499999,338958815.34000015
Marketing,1048,271,0.258587786259542,1183348362.0599992,383107728.58
Utilities,1048,248,0.2366412213740458,403908077.07000023,131887211.42999996
