exception_type,invoices,exceptions,exception_rate,invoice_value,exception_value
price_mismatch,700,700,1.0,825374642.8400002,825374642.8400002
quantity_mismatch,550,550,1.0,736663080.56,736663080.56
invalid_po,250,250,1.0,13619958.290000005,13619958.290000005
invalid_vendor,150,150,1.0,95861115.79000002,95861115.79000002
tax_inconsistency,300,300,1.0,223410965.03000006,223410965.03000006
amount_anomaly,300,300,1.0,1771578868.1199996,1771578868.1199996
late_invoice,150,150,1.0,176659249.30000007,176659249.30000007
duplicate,400,400,1.0,418328654.32000023,418328654.32000023
normal,7200,0,0.0,6809366663.299989,0.0
